STUDENT_ID|TERM|COURSE|STUDENT
90000001|'202520.CHEM1111.09Z.jcarr17'
90000002|'202520.PHYS2126.01Z.swilliams36'
90000003|'202520.CHEM1112.04Z.gsmith34'
90000004|'202520.PHYS2125.01Z.kcarrell'
90000005|'202520.BIOL5421.01Z.lfohn1'
90000006|'202520.PHYS2126.02Z.challen'
90000007|'202520.PHYS2126.02Z.challen'
90000008|'202520.CHEM1106.05Z.jmaxwell'
90000009|'202520.BIOL1413.02Z.eabreu'
90000010|'202520.PHYS2125.02Z.mholcomb3'
90000011|'202520.GEOL1104.01Z.jgarza85,202520.PHYS2126.02Z.challen'
90000012|'202520.BIOL5421.01Z.lfohn1'
90000013|'202520.CHEM1112.08Z.eosborne'
90000014|'202520.BIOL2420.03Z.hjones13'
90000015|'202520.BIOL1413.03Z.bskipper'
90000016|'202520.CHEM1111.06Z.sdharmarajan'
90000017|'202520.CHEM1111.10Z.sdharmarajan'
90000018|'202520.BIOL4421.01Z.lfohn1,202520.BIOL4450.01Z.lammerma,202520.CHEM3451.02Z.jcarr17'
90000019|'202520.CHEM3451.02Z.jcarr17'
90000020|'202520.CHEM3451.03Z.jcarr17'
90000021|'202520.PHYS2125.02Z.mholcomb3'
90000022|'202520.CHEM1111.08Z.rzehnder'
90000023|'202520.CHEM3452.05Z.sramasamy'
90000024|'202520.CHEM1111.06Z.sdharmarajan,202520.GEOL1104.01Z.jgarza85'
90000025|'202520.CHEM1111.05Z.rzehnder'
90000026|'202520.BIOL1413.03Z.bskipper'
90000027|'202520.CHEM1112.05Z.gsmith34,202520.PHYS1102.02Z.challen'
90000028|'202520.CHEM1111.09Z.jcarr17'
90000029|'202520.CHEM1111.05Z.rzehnder'
90000030|'202520.CHEM1112.05Z.gsmith34'
90000031|'202520.BIOL3403.01Z.lammerma,202520.CHEM1111.09Z.jcarr17,202520.PHYS1102.03Z.eholik'
90000032|'202520.PHYS1102.03Z.eholik'
90000033|'202520.GEOL1104.02Z.sshields2'
90000034|'202520.CHEM1112.04Z.gsmith34'
90000035|'202520.CHEM1111.08Z.rzehnder'
90000036|'202520.CHEM1112.06Z.gsmith34'
90000037|'202520.BIOL3403.01Z.lammerma,202520.PHYS1102.01Z.eholik'
90000038|'202520.CHEM1111.06Z.sdharmarajan'
90000039|'202520.CHEM1111.07Z.rzehnder'
90000040|'202520.CHEM1112.07Z.gsmith34'
90000041|'202520.CHEM1111.05Z.rzehnder'
90000042|'202520.BIOL3403.01Z.lammerma'
90000043|'202520.CHEM4421.02Z.sdharmarajan,202520.PHYS2126.01Z.swilliams36'
90000044|'202520.BIOL2124.02Z.hjones13'
90000045|'202520.BIOL2124.04Z.cadkins,202520.BIOL3403.01Z.lammerma,202520.PHYS1102.01Z.eholik'
90000046|'202520.CHEM1112.04Z.gsmith34'
90000047|'202520.BIOL2124.02Z.hjones13'
90000048|'202520.BIOL4421.01Z.lfohn1'
90000049|'202520.CHEM1112.07Z.gsmith34'
90000050|'202520.BIOL2124.03Z.cadkins,202520.CHEM1111.08Z.rzehnder'
90000051|'202520.BIOL2420.03Z.hjones13,202520.CHEM1106.03Z.jmaxwell'
90000052|'202520.BIOL4421.01Z.lfohn1,202520.BIOL4450.01Z.lammerma'
90000053|'202520.CHEM3452.03Z.sramasamy'
90000054|'202520.CHEM1112.06Z.gsmith34'
90000055|'202520.CHEM4233.02Z.eosborne,202520.CHEM4421.02Z.sdharmarajan'
90000056|'202520.BIOL3403.01Z.lammerma'
90000057|'202520.PHYS1102.03Z.eholik'
90000058|'202520.PHYS1102.02Z.challen'
90000059|'202520.PHYS1102.03Z.eholik'
90000060|'202520.CHEM1112.08Z.eosborne,202520.PHYS1102.01Z.eholik'
90000061|'202520.BIOL4450.01Z.lammerma'
90000062|'202520.CHEM4233.02Z.eosborne,202520.CHEM4421.02Z.sdharmarajan'
90000063|'202520.CHEM1112.05Z.gsmith34,202520.PHYS1102.01Z.eholik'
90000064|'202520.CHEM4421.02Z.sdharmarajan,202520.PHYS2126.01Z.swilliams36'
90000065|'202520.CHEM1111.07Z.rzehnder'
90000066|'202520.BIOL2420.02Z.hjones13'
90000067|'202520.BIOL4450.01Z.lammerma'
90000068|'202520.CHEM1111.05Z.rzehnder'
90000069|'202520.CHEM1111.06Z.sdharmarajan,202520.GEOL1104.02Z.sshields2'
90000070|'202520.CHEM1112.04Z.gsmith34'
90000071|'202520.PHYS1102.01Z.eholik'
90000072|'202520.BIOL2124.01Z.cadkins'
90000073|'202520.BIOL2124.02Z.hjones13,202520.PHYS1102.01Z.eholik'
90000074|'202520.BIOL1413.02Z.eabreu'
90000075|'202520.CHEM3462.02Z.gsmith34,202520.CHEM4421.02Z.sdharmarajan'
90000076|'202520.CHEM1111.08Z.rzehnder'
90000077|'202520.BIOL4450.01Z.lammerma,202520.PHYS1102.01Z.eholik'
90000078|'202520.BIOL1413.02Z.eabreu'
90000079|'202520.BIOL1413.02Z.eabreu,202520.GEOL1104.01Z.jgarza85'
90000080|'202520.CHEM3451.03Z.jcarr17,202520.PHYS2125.02Z.mholcomb3'
90000081|'202520.CHEM1112.05Z.gsmith34'
90000082|'202520.PHYS2125.02Z.mholcomb3'
90000083|'202520.CHEM3452.05Z.sramasamy'
90000084|'202520.CHEM3452.04Z.sramasamy'
90000085|'202520.CHEM3452.05Z.sramasamy'
90000086|'202520.PHYS2126.02Z.challen'
90000087|'202520.PHYS2126.02Z.challen'
90000088|'202520.PHYS1102.01Z.eholik'
90000089|'202520.CHEM1106.04Z.jmaxwell'
90000090|'202520.CHEM1111.05Z.rzehnder'
90000091|'202520.CHEM1111.10Z.sdharmarajan'
90000092|'202520.PHYS1102.02Z.challen'
90000093|'202520.PHYS1102.01Z.eholik'
90000094|'202520.PHYS1102.03Z.eholik'
90000095|'202520.CHEM1111.07Z.rzehnder'
90000096|'202520.BIOL4421.01Z.lfohn1'
90000097|'202520.PHYS2125.01Z.kcarrell'
90000098|'202520.BIOL2420.03Z.hjones13'
90000099|'202520.BIOL1413.03Z.bskipper'
90000100|'202520.CHEM3462.02Z.gsmith34'
90000101|'202520.CHEM4233.02Z.eosborne,202520.PHYS2126.01Z.swilliams36'
90000102|'202520.CHEM1106.03Z.jmaxwell'
90000103|'202520.BIOL2420.03Z.hjones13,202520.CHEM1106.04Z.jmaxwell'
90000104|'202520.BIOL2124.02Z.hjones13'
90000105|'202520.BIOL4421.01Z.lfohn1'
90000106|'202520.BIOL1413.03Z.bskipper,202520.PHYS1102.01Z.eholik'
90000107|'202520.PHYS2125.02Z.mholcomb3'
90000108|'202520.CHEM1111.10Z.sdharmarajan'
90000109|'202520.CHEM1111.07Z.rzehnder'
90000110|'202520.CHEM1112.04Z.gsmith34'
90000111|'202520.PHYS1102.01Z.eholik'
90000112|'202520.GEOL1104.04Z.jgarza85'
90000113|'202520.CHEM1112.06Z.gsmith34'
90000114|'202520.BIOL3403.01Z.lammerma'
90000115|'202520.CHEM1111.10Z.sdharmarajan'
90000116|'202520.PHYS2125.01Z.kcarrell'
90000117|'202520.CHEM4233.02Z.eosborne,202520.PHYS2126.01Z.swilliams36'
90000118|'202520.CHEM3452.04Z.sramasamy'
90000119|'202520.BIOL2124.03Z.cadkins'
90000120|'202520.CHEM1111.05Z.rzehnder'
90000121|'202520.CHEM1112.06Z.gsmith34'
90000122|'202520.PHYS1102.03Z.eholik'
90000123|'202520.PHYS1102.02Z.challen'
90000124|'202520.BIOL1413.03Z.bskipper,202520.BIOL2124.01Z.cadkins'
90000125|'202520.BIOL2124.03Z.cadkins'
90000126|'202520.BIOL2420.01Z.hjones13'
90000127|'202520.PHYS2126.01Z.swilliams36'
90000128|'202520.CHEM1112.04Z.gsmith34'
90000129|'202520.CHEM1111.09Z.jcarr17'
90000130|'202520.PHYS1102.03Z.eholik'
90000131|'202520.BIOL2124.02Z.hjones13'
90000132|'202520.CHEM1112.08Z.eosborne'
90000133|'202520.CHEM1112.06Z.gsmith34'
90000134|'202520.CHEM1111.10Z.sdharmarajan'
90000135|'202520.PHYS1102.02Z.challen'
90000136|'202520.BIOL2420.02Z.hjones13'
90000137|'202520.PHYS1102.01Z.eholik'
90000138|'202520.PHYS2125.01Z.kcarrell'
90000139|'202520.CHEM1106.05Z.jmaxwell'
90000140|'202520.PHYS2126.02Z.challen'
90000141|'202520.CHEM1111.08Z.rzehnder'
90000142|'202520.PHYS1102.03Z.eholik'
90000143|'202520.CHEM1106.05Z.jmaxwell'
90000144|'202520.CHEM1111.06Z.sdharmarajan,202520.PHYS2126.01Z.swilliams36'
90000145|'202520.CHEM3452.04Z.sramasamy'
90000146|'202520.CHEM1111.08Z.rzehnder'
90000147|'202520.BIOL2124.01Z.cadkins,202520.CHEM1106.03Z.jmaxwell'
90000148|'202520.BIOL2124.03Z.cadkins,202520.BIOL2420.01Z.hjones13'
90000149|'202520.CHEM4233.02Z.eosborne,202520.PHYS2125.02Z.mholcomb3'
90000150|'202520.PHYS1102.01Z.eholik'
90000151|'202520.PHYS1102.01Z.eholik'
90000152|'202520.CHEM3452.04Z.sramasamy,202520.PHYS1102.02Z.challen'
90000153|'202520.CHEM1111.09Z.jcarr17'
90000154|'202520.PHYS1102.01Z.eholik'
90000155|'202520.PHYS2125.02Z.mholcomb3'
90000156|'202520.GEOL1104.04Z.jgarza85'
90000157|'202520.CHEM1111.08Z.rzehnder'
90000158|'202520.CHEM3452.04Z.sramasamy'
90000159|'202520.PHYS1102.01Z.eholik'
90000160|'202520.PHYS2126.01Z.swilliams36'
90000161|'202520.BIOL1413.03Z.bskipper,202520.CHEM1111.10Z.sdharmarajan'
90000162|'202520.PHYS1102.02Z.challen'
90000163|'202520.CHEM1111.06Z.sdharmarajan'
90000164|'202520.PHYS2126.02Z.challen'
90000165|'202520.BIOL3403.01Z.lammerma,202520.PHYS1102.01Z.eholik'
90000166|'202520.BIOL3403.01Z.lammerma'
90000167|'202520.CHEM1111.05Z.rzehnder'
90000168|'202520.CHEM1111.06Z.sdharmarajan'
90000169|'202520.CHEM1112.05Z.gsmith34'
90000170|'202520.CHEM1112.05Z.gsmith34'
90000171|'202520.CHEM1111.06Z.sdharmarajan'
90000172|'202520.BIOL3403.01Z.lammerma,202520.PHYS1102.01Z.eholik'
90000173|'202520.PHYS2126.02Z.challen'
90000174|'202520.CHEM3452.05Z.sramasamy'
90000175|'202520.GEOL1104.03Z.ekoemanshields'
90000176|'202520.CHEM1111.08Z.rzehnder'
90000177|'202520.CHEM3452.05Z.sramasamy'
90000178|'202520.GEOL1104.03Z.ekoemanshields'
90000179|'202520.GEOL1104.04Z.jgarza85'
90000180|'202520.CHEM3452.04Z.sramasamy'
90000181|'202520.GEOL1104.04Z.jgarza85'
90000182|'202520.CHEM1112.06Z.gsmith34'
90000183|'202520.PHYS2126.01Z.swilliams36'
90000184|'202520.GEOL1104.04Z.jgarza85'
90000185|'202520.CHEM1112.07Z.gsmith34'
90000186|'202520.BIOL2420.02Z.hjones13'
90000187|'202520.CHEM3452.05Z.sramasamy,202520.PHYS1102.03Z.eholik'
90000188|'202520.CHEM1112.08Z.eosborne'
90000189|'202520.CHEM1106.03Z.jmaxwell'
90000190|'202520.GEOL1104.04Z.jgarza85'
90000191|'202520.CHEM1112.06Z.gsmith34'
90000192|'202520.PHYS2126.02Z.challen'
90000193|'202520.PHYS1102.01Z.eholik'
90000194|'202520.BIOL2124.03Z.cadkins'
90000195|'202520.GEOL1104.02Z.sshields2'
90000196|'202520.BIOL1413.02Z.eabreu,202520.PHYS1102.03Z.eholik'
90000197|'202520.GEOL1104.04Z.jgarza85'
90000198|'202520.BIOL1413.03Z.bskipper'
90000199|'202520.CHEM1112.07Z.gsmith34'
90000200|'202520.BIOL1413.02Z.eabreu'
90000201|'202520.BIOL2124.04Z.cadkins'
90000202|'202520.CHEM3452.03Z.sramasamy,202520.PHYS1102.03Z.eholik'
90000203|'202520.BIOL2124.04Z.cadkins'
90000204|'202520.BIOL2124.02Z.hjones13'
90000205|'202520.CHEM1111.08Z.rzehnder,202520.GEOL1104.02Z.sshields2'
90000206|'202520.BIOL2124.04Z.cadkins'
90000207|'202520.CHEM1111.09Z.jcarr17'
90000208|'202520.BIOL2420.03Z.hjones13'
90000209|'202520.GEOL1104.03Z.ekoemanshields'
90000210|'202520.BIOL2124.04Z.cadkins'
90000211|'202520.PHYS1102.02Z.challen'
90000212|'202520.CHEM1112.05Z.gsmith34'
90000213|'202520.GEOL1104.01Z.jgarza85'
90000214|'202520.CHEM1111.05Z.rzehnder'
90000215|'202520.CHEM1111.08Z.rzehnder'
90000216|'202520.BIOL1413.02Z.eabreu,202520.BIOL4450.01Z.lammerma'
90000217|'202520.PHYS2126.02Z.challen'
90000218|'202520.CHEM1111.09Z.jcarr17'
90000219|'202520.CHEM4233.02Z.eosborne,202520.PHYS2125.02Z.mholcomb3'
90000220|'202520.GEOL1104.03Z.ekoemanshields'
90000221|'202520.CHEM1111.08Z.rzehnder'
90000222|'202520.CHEM1111.08Z.rzehnder'
90000223|'202520.CHEM3452.04Z.sramasamy,202520.PHYS1102.02Z.challen'
90000224|'202520.CHEM1111.09Z.jcarr17'
90000225|'202520.CHEM1111.10Z.sdharmarajan'
90000226|'202520.PHYS2125.01Z.kcarrell'
90000227|'202520.BIOL2124.03Z.cadkins'
90000228|'202520.CHEM1111.08Z.rzehnder'
90000229|'202520.BIOL2420.01Z.hjones13'
90000230|'202520.CHEM1106.05Z.jmaxwell'
90000231|'202520.BIOL2124.01Z.cadkins,202520.CHEM3452.04Z.sramasamy'
90000232|'202520.PHYS1102.01Z.eholik'
90000233|'202520.CHEM1112.04Z.gsmith34'
90000234|'202520.GEOL1104.01Z.jgarza85'
90000235|'202520.CHEM3452.04Z.sramasamy,202520.PHYS1102.03Z.eholik'
90000236|'202520.BIOL2124.03Z.cadkins'
90000237|'202520.CHEM1111.09Z.jcarr17'
90000238|'202520.CHEM1112.05Z.gsmith34'
90000239|'202520.GEOL1104.04Z.jgarza85'
90000240|'202520.CHEM1111.10Z.sdharmarajan'
90000241|'202520.PHYS2125.01Z.kcarrell'
90000242|'202520.CHEM1111.07Z.rzehnder'
90000243|'202520.CHEM1111.08Z.rzehnder'
90000244|'202520.PHYS1102.02Z.challen'
90000245|'202520.PHYS1102.03Z.eholik'
90000246|'202520.CHEM1111.09Z.jcarr17'
90000247|'202520.BIOL2420.01Z.hjones13'
90000248|'202520.CHEM1111.06Z.sdharmarajan'
90000249|'202520.CHEM1112.06Z.gsmith34'
90000250|'202520.PHYS2126.01Z.swilliams36'
90000251|'202520.BIOL3403.01Z.lammerma,202520.PHYS1102.01Z.eholik'
90000252|'202520.PHYS2125.01Z.kcarrell'
90000253|'202520.CHEM1111.09Z.jcarr17'
90000254|'202520.PHYS2126.02Z.challen'
90000255|'202520.BIOL1413.02Z.eabreu,202520.CHEM1112.05Z.gsmith34'
90000256|'202520.CHEM1112.06Z.gsmith34'
90000257|'202520.CHEM1112.08Z.eosborne'
90000258|'202520.CHEM1112.06Z.gsmith34'
90000259|'202520.CHEM1106.05Z.jmaxwell'
90000260|'202520.CHEM1111.07Z.rzehnder'
90000261|'202520.GEOL1104.03Z.ekoemanshields'
90000262|'202520.CHEM3452.03Z.sramasamy'
90000263|'202520.GEOL1104.02Z.sshields2,202520.PHYS2126.02Z.challen'
90000264|'202520.BIOL1413.02Z.eabreu'
90000265|'202520.CHEM1111.10Z.sdharmarajan'
90000266|'202520.GEOL1104.03Z.ekoemanshields'
90000267|'202520.CHEM1111.05Z.rzehnder'
90000268|'202520.CHEM1111.05Z.rzehnder'
90000269|'202520.CHEM1111.10Z.sdharmarajan'
90000270|'202520.GEOL1104.03Z.ekoemanshields,202520.PHYS2125.02Z.mholcomb3'
90000271|'202520.CHEM1112.08Z.eosborne'
90000272|'202520.BIOL3403.01Z.lammerma,202520.CHEM3452.03Z.sramasamy'
90000273|'202520.GEOL1104.04Z.jgarza85'
90000274|'202520.BIOL3403.01Z.lammerma,202520.CHEM3452.05Z.sramasamy,202520.PHYS1102.01Z.eholik'
90000275|'202520.PHYS2125.02Z.mholcomb3'
90000276|'202520.PHYS1102.03Z.eholik'
90000277|'202520.CHEM1111.05Z.rzehnder'
90000278|'202520.PHYS1102.03Z.eholik'
90000279|'202520.CHEM1112.07Z.gsmith34,202520.GEOL1104.01Z.jgarza85'
90000280|'202520.CHEM1112.07Z.gsmith34'
90000281|'202520.CHEM1111.06Z.sdharmarajan'
90000282|'202520.PHYS2126.02Z.challen'
90000283|'202520.BIOL2124.04Z.cadkins'
90000284|'202520.BIOL1413.02Z.eabreu'
90000285|'202520.PHYS2125.02Z.mholcomb3'
90000286|'202520.GEOL1104.04Z.jgarza85,202520.PHYS2126.01Z.swilliams36'
90000287|'202520.BIOL2420.02Z.hjones13'
90000288|'202520.CHEM1112.08Z.eosborne'
90000289|'202520.GEOL1104.04Z.jgarza85'
90000290|'202520.PHYS1102.02Z.challen'
90000291|'202520.CHEM1112.06Z.gsmith34'
90000292|'202520.BIOL2420.02Z.hjones13,202520.CHEM1106.04Z.jmaxwell'
90000293|'202520.BIOL2124.02Z.hjones13'
90000294|'202520.BIOL2124.03Z.cadkins,202520.CHEM1106.05Z.jmaxwell'
90000295|'202520.BIOL2420.03Z.hjones13'
90000296|'202520.CHEM1106.04Z.jmaxwell'
90000297|'202520.GEOL1104.04Z.jgarza85'
90000298|'202520.CHEM1112.06Z.gsmith34'
90000299|'202520.BIOL2420.01Z.hjones13'
90000300|'202520.CHEM1111.06Z.sdharmarajan'
90000301|'202520.GEOL1104.03Z.ekoemanshields'
90000302|'202520.PHYS2125.01Z.kcarrell'
90000303|'202520.PHYS2126.02Z.challen'
90000304|'202520.BIOL2124.03Z.cadkins'
90000305|'202520.PHYS2126.01Z.swilliams36'
90000306|'202520.CHEM1111.07Z.rzehnder'
90000307|'202520.CHEM1106.04Z.jmaxwell'
90000308|'202520.CHEM3451.02Z.jcarr17'
90000309|'202520.CHEM3452.03Z.sramasamy,202520.PHYS1102.03Z.eholik'
90000310|'202520.BIOL2124.01Z.cadkins,202520.BIOL3403.01Z.lammerma'
90000311|'202520.PHYS2125.02Z.mholcomb3'
90000312|'202520.PHYS2125.01Z.kcarrell'
90000313|'202520.PHYS2125.02Z.mholcomb3'
90000314|'202520.GEOL1104.03Z.ekoemanshields'
90000315|'202520.CHEM1111.06Z.sdharmarajan'
90000316|'202520.BIOL2124.03Z.cadkins'
90000317|'202520.BIOL2124.01Z.cadkins,202520.CHEM1111.09Z.jcarr17'
90000318|'202520.GEOL1104.03Z.ekoemanshields'
90000319|'202520.CHEM1111.10Z.sdharmarajan'
90000320|'202520.BIOL2124.01Z.cadkins'
90000321|'202520.GEOL1104.03Z.ekoemanshields'
90000322|'202520.GEOL1104.02Z.sshields2'
90000323|'202520.BIOL2420.01Z.hjones13'
90000324|'202520.BIOL3403.01Z.lammerma'
90000325|'202520.PHYS2126.02Z.challen'
90000326|'202520.CHEM1111.08Z.rzehnder'
90000327|'202520.CHEM1111.09Z.jcarr17'
90000328|'202520.GEOL1104.04Z.jgarza85'
90000329|'202520.CHEM1106.04Z.jmaxwell'
90000330|'202520.BIOL2420.02Z.hjones13'
90000331|'202520.PHYS2125.01Z.kcarrell'
90000332|'202520.CHEM1112.06Z.gsmith34'
90000333|'202520.CHEM1112.08Z.eosborne'
90000334|'202520.GEOL1104.04Z.jgarza85'
90000335|'202520.CHEM1111.06Z.sdharmarajan'
90000336|'202520.CHEM3452.04Z.sramasamy'
90000337|'202520.BIOL2124.04Z.cadkins'
90000338|'202520.BIOL2420.02Z.hjones13'
90000339|'202520.BIOL2420.02Z.hjones13,202520.CHEM1106.05Z.jmaxwell'
90000340|'202520.BIOL2124.02Z.hjones13'
90000341|'202520.PHYS2126.02Z.challen'
90000342|'202520.BIOL2420.01Z.hjones13'
90000343|'202520.BIOL2124.04Z.cadkins'
90000344|'202520.CHEM1106.05Z.jmaxwell'
90000345|'202520.GEOL1104.01Z.jgarza85'
90000346|'202520.PHYS2125.02Z.mholcomb3'
90000347|'202520.CHEM1106.05Z.jmaxwell'
90000348|'202520.CHEM1112.06Z.gsmith34'
90000349|'202520.BIOL2124.04Z.cadkins'
90000350|'202520.CHEM4421.02Z.sdharmarajan,202520.PHYS2126.01Z.swilliams36'
90000351|'202520.BIOL2124.03Z.cadkins'
90000352|'202520.CHEM4233.02Z.eosborne,202520.PHYS2126.01Z.swilliams36'
90000353|'202520.BIOL2420.03Z.hjones13'
90000354|'202520.CHEM3451.02Z.jcarr17'
90000355|'202520.CHEM3451.03Z.jcarr17'
90000356|'202520.CHEM3452.03Z.sramasamy,202520.PHYS1102.03Z.eholik'
90000357|'202520.BIOL2420.01Z.hjones13,202520.CHEM1106.05Z.jmaxwell'
90000358|'202520.BIOL2420.03Z.hjones13'
90000359|'202520.BIOL2420.02Z.hjones13'
90000360|'202520.CHEM1111.07Z.rzehnder'
90000361|'202520.CHEM1111.05Z.rzehnder'
90000362|'202520.BIOL1413.03Z.bskipper'
90000363|'202520.BIOL2420.01Z.hjones13'
90000364|'202520.BIOL2420.03Z.hjones13'
90000365|'202520.CHEM1106.05Z.jmaxwell'
90000366|'202520.CHEM3452.03Z.sramasamy,202520.PHYS2126.01Z.swilliams36'
90000367|'202520.CHEM1112.05Z.gsmith34'
90000368|'202520.PHYS2125.01Z.kcarrell'
90000369|'202520.CHEM3452.05Z.sramasamy'
90000370|'202520.CHEM1111.07Z.rzehnder'
90000371|'202520.PHYS2125.01Z.kcarrell'
90000372|'202520.BIOL2124.02Z.hjones13,202520.CHEM1112.04Z.gsmith34'
90000373|'202520.BIOL2420.01Z.hjones13'
90000374|'202520.CHEM1106.04Z.jmaxwell'
90000375|'202520.CHEM1112.07Z.gsmith34'
90000376|'202520.CHEM1106.03Z.jmaxwell'
90000377|'202520.CHEM1106.04Z.jmaxwell'
90000378|'202520.CHEM1111.10Z.sdharmarajan'
90000379|'202520.CHEM1111.05Z.rzehnder'
90000380|'202520.CHEM1112.04Z.gsmith34'
90000381|'202520.CHEM1112.04Z.gsmith34'
90000382|'202520.CHEM1111.07Z.rzehnder'
90000383|'202520.PHYS2126.02Z.challen'
90000384|'202520.CHEM1112.04Z.gsmith34'
90000385|'202520.CHEM3451.03Z.jcarr17'
90000386|'202520.PHYS2125.01Z.kcarrell'
90000387|'202520.CHEM1111.10Z.sdharmarajan'
90000388|'202520.PHYS2125.02Z.mholcomb3'
90000389|'202520.BIOL2420.03Z.hjones13'
90000390|'202520.BIOL2420.03Z.hjones13,202520.CHEM1106.04Z.jmaxwell'
90000391|'202520.CHEM1111.10Z.sdharmarajan'
90000392|'202520.GEOL1104.01Z.jgarza85'
90000393|'202520.CHEM1112.06Z.gsmith34'
90000394|'202520.CHEM1112.07Z.gsmith34'
90000395|'202520.GEOL1104.03Z.ekoemanshields'
90000396|'202520.PHYS1102.03Z.eholik'
90000397|'202520.PHYS2126.02Z.challen'
90000398|'202520.CHEM1111.08Z.rzehnder'
90000399|'202520.PHYS2125.02Z.mholcomb3'
90000400|'202520.BIOL2420.02Z.hjones13'
90000401|'202520.CHEM1112.04Z.gsmith34'
90000402|'202520.CHEM1112.08Z.eosborne'
90000403|'202520.CHEM3452.05Z.sramasamy,202520.PHYS1102.03Z.eholik'
90000404|'202520.CHEM1112.05Z.gsmith34'
90000405|'202520.CHEM1112.04Z.gsmith34'
90000406|'202520.BIOL1413.02Z.eabreu'
90000407|'202520.BIOL2124.04Z.cadkins'
90000408|'202520.GEOL1104.03Z.ekoemanshields'
90000409|'202520.PHYS1102.03Z.eholik'
90000410|'202520.CHEM1111.05Z.rzehnder'
90000411|'202520.GEOL1104.03Z.ekoemanshields'
90000412|'202520.BIOL2124.04Z.cadkins'
90000413|'202520.PHYS2125.02Z.mholcomb3'
90000414|'202520.CHEM1112.06Z.gsmith34'
90000415|'202520.CHEM1112.04Z.gsmith34'
90000416|'202520.CHEM1112.08Z.eosborne'
90000417|'202520.CHEM1106.03Z.jmaxwell'
90000418|'202520.CHEM1112.08Z.eosborne'
90000419|'202520.BIOL1413.03Z.bskipper,202520.BIOL2124.01Z.cadkins'
90000420|'202520.BIOL3403.01Z.lammerma'
90000421|'202520.CHEM1106.05Z.jmaxwell'
90000422|'202520.BIOL2124.01Z.cadkins'
90000423|'202520.CHEM1112.08Z.eosborne'
90000424|'202520.PHYS1102.01Z.eholik'
90000425|'202520.PHYS1102.02Z.challen'
90000426|'202520.BIOL2420.03Z.hjones13,202520.CHEM1106.05Z.jmaxwell'
90000427|'202520.GEOL1104.03Z.ekoemanshields'
90000428|'202520.CHEM1111.06Z.sdharmarajan'
90000429|'202520.BIOL2124.02Z.hjones13,202520.CHEM1112.08Z.eosborne'
90000430|'202520.BIOL2124.04Z.cadkins,202520.BIOL2420.02Z.hjones13'
90000431|'202520.BIOL3403.01Z.lammerma,202520.CHEM3452.03Z.sramasamy'
90000432|'202520.PHYS2125.01Z.kcarrell'
90000433|'202520.CHEM1112.07Z.gsmith34'
90000434|'202520.PHYS2125.01Z.kcarrell'
90000435|'202520.PHYS2126.01Z.swilliams36'
90000436|'202520.BIOL1413.02Z.eabreu'
90000437|'202520.CHEM3452.03Z.sramasamy'
90000438|'202520.BIOL2124.02Z.hjones13'
90000439|'202520.GEOL1104.04Z.jgarza85'
90000440|'202520.CHEM1112.08Z.eosborne,202520.PHYS1102.01Z.eholik'
90000441|'202520.CHEM1112.07Z.gsmith34'
90000442|'202520.BIOL2124.03Z.cadkins'
90000443|'202520.GEOL1104.03Z.ekoemanshields'
90000444|'202520.BIOL2420.02Z.hjones13'
90000445|'202520.BIOL2124.01Z.cadkins,202520.CHEM1106.04Z.jmaxwell'
90000446|'202520.GEOL1104.04Z.jgarza85'
90000447|'202520.CHEM1111.06Z.sdharmarajan'
90000448|'202520.CHEM1106.04Z.jmaxwell'
90000449|'202520.CHEM1112.08Z.eosborne'
90000450|'202520.GEOL1104.04Z.jgarza85'
90000451|'202520.BIOL2124.04Z.cadkins'
90000452|'202520.CHEM1111.07Z.rzehnder'
90000453|'202520.CHEM1112.07Z.gsmith34'
90000454|'202520.GEOL1104.03Z.ekoemanshields'
90000455|'202520.CHEM1112.06Z.gsmith34'
90000456|'202520.BIOL2420.03Z.hjones13'
90000457|'202520.CHEM1111.06Z.sdharmarajan'
90000458|'202520.CHEM1106.04Z.jmaxwell'
90000459|'202520.CHEM1111.10Z.sdharmarajan'
90000460|'202520.CHEM1106.04Z.jmaxwell'
90000461|'202520.BIOL2124.04Z.cadkins'
90000462|'202520.GEOL1104.03Z.ekoemanshields'
90000463|'202520.PHYS2126.01Z.swilliams36'
90000464|'202520.CHEM1112.04Z.gsmith34'
90000465|'202520.CHEM1106.04Z.jmaxwell'
90000466|'202520.BIOL2124.04Z.cadkins'
90000467|'202520.CHEM1111.06Z.sdharmarajan'
90000468|'202520.CHEM1111.10Z.sdharmarajan'
90000469|'202520.CHEM1112.06Z.gsmith34'
90000470|'202520.CHEM1112.07Z.gsmith34'
90000471|'202520.CHEM1111.09Z.jcarr17'
90000472|'202520.CHEM1111.09Z.jcarr17'
90000473|'202520.CHEM1111.06Z.sdharmarajan'
90000474|'202520.CHEM1106.04Z.jmaxwell'
90000475|'202520.CHEM1112.07Z.gsmith34'
90000476|'202520.CHEM1112.05Z.gsmith34'
90000477|'202520.BIOL2420.01Z.hjones13'
90000478|'202520.GEOL1104.04Z.jgarza85'
90000479|'202520.CHEM1111.09Z.jcarr17'
90000480|'202520.PHYS2125.01Z.kcarrell'
90000481|'202520.PHYS2125.01Z.kcarrell'
90000482|'202520.CHEM3451.02Z.jcarr17'
90000483|'202520.BIOL2124.01Z.cadkins,202520.CHEM1106.04Z.jmaxwell'
90000484|'202520.BIOL2420.01Z.hjones13'
90000485|'202520.CHEM1112.07Z.gsmith34'
90000486|'202520.GEOL1104.01Z.jgarza85'
90000487|'202520.GEOL1104.03Z.ekoemanshields'
90000488|'202520.CHEM1111.07Z.rzehnder'
90000489|'202520.CHEM1111.07Z.rzehnder'
90000490|'202520.GEOL1104.04Z.jgarza85'
90000491|'202520.CHEM1111.06Z.sdharmarajan'
90000492|'202520.GEOL1104.01Z.jgarza85'
90000493|'202520.BIOL2124.01Z.cadkins'
90000494|'202520.GEOL1104.02Z.sshields2'
90000495|'202520.BIOL2124.04Z.cadkins,202520.CHEM1106.05Z.jmaxwell'
90000496|'202520.GEOL1104.01Z.jgarza85'
90000497|'202520.CHEM1111.07Z.rzehnder'
90000498|'202520.GEOL1104.02Z.sshields2'
90000499|'202520.CHEM1111.07Z.rzehnder'
90000500|'202520.CHEM1112.05Z.gsmith34'
90000501|'202520.CHEM1112.07Z.gsmith34'
90000502|'202520.CHEM1111.05Z.rzehnder'
90000503|'202520.CHEM1111.08Z.rzehnder'
90000504|'202520.CHEM1112.05Z.gsmith34'
90000505|'202520.CHEM1111.10Z.sdharmarajan'
90000506|'202520.PHYS2125.02Z.mholcomb3'
90000507|'202520.CHEM1111.09Z.jcarr17'
90000508|'202520.GEOL1104.01Z.jgarza85'
90000509|'202520.CHEM1112.05Z.gsmith34,202520.GEOL1104.02Z.sshields2'
90000510|'202520.BIOL2420.03Z.hjones13'
90000511|'202520.BIOL2420.01Z.hjones13'
90000512|'202520.CHEM1112.07Z.gsmith34'
90000513|'202520.BIOL2124.03Z.cadkins'
90000514|'202520.GEOL1104.03Z.ekoemanshields'
90000515|'202520.CHEM1106.04Z.jmaxwell'
90000516|'202520.PHYS2125.01Z.kcarrell'
90000517|'202520.GEOL1104.03Z.ekoemanshields'
90000518|'202520.CHEM1111.05Z.rzehnder'
90000519|'202520.CHEM1111.07Z.rzehnder'
90000520|'202520.CHEM1112.08Z.eosborne'
90000521|'202520.BIOL2420.01Z.hjones13'
90000522|'202520.BIOL2124.02Z.hjones13'
90000523|'202520.CHEM1106.04Z.jmaxwell'
90000524|'202520.CHEM1111.07Z.rzehnder'
90000525|'202520.GEOL1104.04Z.jgarza85,202520.PHYS2126.01Z.swilliams36'
90000526|'202520.PHYS2125.01Z.kcarrell'
90000527|'202520.CHEM1111.10Z.sdharmarajan'
90000528|'202520.CHEM1111.10Z.sdharmarajan'
90000529|'202520.BIOL2124.03Z.cadkins'
90000530|'202520.CHEM1111.06Z.sdharmarajan'
90000531|'202520.GEOL1104.04Z.jgarza85'
90000532|'202520.CHEM1111.05Z.rzehnder,202520.GEOL1104.04Z.jgarza85'
90000533|'202520.GEOL1104.03Z.ekoemanshields'
90000534|'202520.CHEM1111.10Z.sdharmarajan'
90000535|'202520.GEOL1104.04Z.jgarza85'
90000536|'202520.GEOL1104.02Z.sshields2'
90000537|'202520.CHEM1111.10Z.sdharmarajan'
90000538|'202520.GEOL1104.02Z.sshields2'
90000539|'202520.PHYS2125.02Z.mholcomb3'
90000540|'202520.CHEM1112.04Z.gsmith34'
90000541|'202520.PHYS2125.02Z.mholcomb3'
90000542|'202520.BIOL2124.02Z.hjones13,202520.CHEM1111.08Z.rzehnder'
90000543|'202520.CHEM1111.10Z.sdharmarajan'
90000544|'202520.BIOL2124.03Z.cadkins,202520.CHEM1112.05Z.gsmith34'
90000545|'202520.CHEM1112.05Z.gsmith34'
90000546|'202520.CHEM1111.08Z.rzehnder'
90000547|'202520.CHEM1106.03Z.jmaxwell'
90000548|'202520.CHEM1111.08Z.rzehnder'
90000549|'202520.CHEM3451.02Z.jcarr17'
90000550|'202520.CHEM3451.03Z.jcarr17'
90000551|'202520.CHEM1111.07Z.rzehnder'
90000552|'202520.BIOL2124.02Z.hjones13'
90000553|'202520.CHEM1111.07Z.rzehnder'
90000554|'202520.CHEM1111.06Z.sdharmarajan'
90000555|'202520.CHEM1111.08Z.rzehnder'
90000556|'202520.CHEM1106.05Z.jmaxwell'
90000557|'202520.BIOL2124.01Z.cadkins'
90000558|'202520.CHEM1111.10Z.sdharmarajan'
90000559|'202520.CHEM1111.06Z.sdharmarajan'
90000560|'202520.BIOL2124.02Z.hjones13'
90000561|'202520.CHEM1112.04Z.gsmith34'
90000562|'202520.CHEM1111.06Z.sdharmarajan'
90000563|'202520.PHYS2126.01Z.swilliams36'
90000564|'202520.BIOL2420.01Z.hjones13'
90000565|'202520.BIOL1413.03Z.bskipper,202520.CHEM1111.05Z.rzehnder'
90000566|'202520.CHEM1111.09Z.jcarr17'
90000567|'202520.CHEM1111.09Z.jcarr17'
90000568|'202520.CHEM3452.05Z.sramasamy,202520.PHYS2125.01Z.kcarrell'
90000569|'202520.BIOL1413.03Z.bskipper,202520.CHEM1111.08Z.rzehnder'
90000570|'202520.CHEM1111.09Z.jcarr17'
90000571|'202520.CHEM1106.05Z.jmaxwell'
90000572|'202520.PHYS2126.02Z.challen'
90000573|'202520.GEOL1104.03Z.ekoemanshields'
90000574|'202520.CHEM1112.04Z.gsmith34'
90000575|'202520.BIOL2124.04Z.cadkins'
90000576|'202520.GEOL1104.01Z.jgarza85'
90000577|'202520.PHYS2126.02Z.challen'
90000578|'202520.CHEM1111.08Z.rzehnder'
90000579|'202520.CHEM1106.03Z.jmaxwell'
90000580|'202520.CHEM1111.07Z.rzehnder,202520.PHYS2125.02Z.mholcomb3'
90000581|'202520.CHEM1111.09Z.jcarr17'
90000582|'202520.CHEM1111.07Z.rzehnder,202520.PHYS2125.02Z.mholcomb3'
90000583|'202520.CHEM1112.06Z.gsmith34,202520.PHYS2125.02Z.mholcomb3'
90000584|'202520.CHEM1106.03Z.jmaxwell'
90000585|'202520.CHEM1106.03Z.jmaxwell'
90000586|'202520.CHEM1111.09Z.jcarr17'
90000587|'202520.CHEM1111.07Z.rzehnder'
90000588|'202520.BIOL2420.03Z.hjones13'
90000589|'202520.CHEM1111.09Z.jcarr17'
90000590|'202520.PHYS2126.02Z.challen'
90000591|'202520.CHEM1111.05Z.rzehnder'
90000592|'202520.CHEM1111.07Z.rzehnder'